1.Petras, petras@one.lt, Petras@php.lt 
2.Jonas, Jonas@one.lt, Jonas@php.lt 
3.Darius, Darius@one.lt, Darius@php.lt 
4.Dzimis, Dzimis@one.lt, Dzimis@php.lt 
5.Tomosius, Tomosius@one.lt, Tomosius@php.lt 
6.Gintaras, Gintaras@one.lt, Gintaras@php.lt 
7.Rokas, Rokas@one.lt, Rokas@php.lt 
