Petras,petras@one.lt
Jonas,Jonas@one.lt
Darius,Darius@one.lt
Dzimis,Dzimis@one.lt
Tomosius,Tomosius@one.lt
Gintaras,Gintaras@one.lt
Rokas,Rokas@one.lt